0,2,12,9,1032,0,0,0,0,0,0,0,0,0,0,0,0,0,0,0,0,0,511,511,0.00,0.00,0.00,0.00,1.00,0.00,0.00,255,255,1.00,0.00,1.00,0.00,0.00,0.00,0.00,0.00,5
0,0,47,1,0,0,0,0,0,0,0,0,0,0,0,0,0,0,0,0,0,0,106,3,0.00,0.00,1.00,1.00,0.03,0.08,0.00,255,3,0.01,0.07,0.00,0.00,0.00,0.00,1.00,1.00,4
0,0,47,5,0,0,0,0,0,0,0,0,0,0,0,0,0,0,0,0,0,0,103,3,1.00,1.00,0.00,0.00,0.03,0.07,0.00,255,3,0.01,0.06,0.00,0.00,1.00,1.00,0.00,0.00,4
0,2,12,9,520,0,0,0,0,0,0,0,0,0,0,0,0,0,0,0,0,0,511,511,0.00,0.00,0.00,0.00,1.00,0.00,0.00,255,255,1.00,0.00,1.00,0.00,0.00,0.00,0.00,0.00,5
1,0,52,9,2192,332,0,0,0,0,0,1,0,0,0,0,0,0,0,0,0,0,1,2,0.00,0.00,0.00,0.00,1.00,0.00,1.00,233,133,0.54,0.03,0.00,0.02,0.01,0.02,0.00,0.00,0
0,0,47,5,0,0,0,0,0,0,0,0,0,0,0,0,0,0,0,0,0,0,145,20,1.00,1.00,0.00,0.00,0.14,0.05,0.00,255,20,0.08,0.05,0.00,0.00,1.00,1.00,0.00,0.00,4
0,0,47,1,0,0,0,0,0,0,0,0,0,0,0,0,0,0,0,0,0,0,139,15,0.00,0.00,1.00,1.00,0.11,0.06,0.00,255,15,0.06,0.06,0.00,0.00,0.00,0.00,1.00,1.00,4
0,1,47,9,105,145,0,0,0,0,0,0,0,0,0,0,0,0,0,0,0,0,7,1,0.00,0.00,0.00,0.00,0.14,0.29,0.00,255,219,0.86,0.01,0.00,0.00,0.00,0.00,0.00,0.00,0
0,2,12,9,520,0,0,0,0,0,0,0,0,0,0,0,0,0,0,0,0,0,511,511,0.00,0.00,0.00,0.00,1.00,0.00,0.00,255,255,1.00,0.00,1.00,0.00,0.00,0.00,0.00,0.00,5
0,2,12,9,1032,0,0,0,0,0,0,0,0,0,0,0,0,0,0,0,0,0,511,511,0.00,0.00,0.00,0.00,1.00,0.00,0.00,255,255,1.00,0.00,1.00,0.00,0.00,0.00,0.00,0.00,5
0,2,12,9,1032,0,0,0,0,0,0,0,0,0,0,0,0,0,0,0,0,0,511,511,0.00,0.00,0.00,0.00,1.00,0.00,0.00,255,255,1.00,0.00,1.00,0.00,0.00,0.00,0.00,0.00,5
0,0,21,9,295,312,0,0,0,0,0,1,0,0,0,0,0,0,0,0,0,0,8,10,0.00,0.00,0.00,0.00,1.00,0.00,0.30,255,255,1.00,0.00,0.00,0.00,0.00,0.00,0.00,0.00,0
0,2,12,9,1032,0,0,0,0,0,0,0,0,0,0,0,0,0,0,0,0,0,511,511,0.00,0.00,0.00,0.00,1.00,0.00,0.00,255,255,1.00,0.00,1.00,0.00,0.00,0.00,0.00,0.00,5
0,2,12,9,1032,0,0,0,0,0,0,0,0,0,0,0,0,0,0,0,0,0,510,510,0.00,0.00,0.00,0.00,1.00,0.00,0.00,255,255,1.00,0.00,1.00,0.00,0.00,0.00,0.00,0.00,5
0,0,47,5,0,0,0,0,0,0,0,0,0,0,0,0,0,0,0,0,0,0,210,6,1.00,1.00,0.00,0.00,0.03,0.06,0.00,255,6,0.02,0.05,0.00,0.00,1.00,1.00,0.00,0.00,4
0,2,12,9,1032,0,0,0,0,0,0,0,0,0,0,0,0,0,0,0,0,0,511,511,0.00,0.00,0.00,0.00,1.00,0.00,0.00,255,255,1.00,0.00,1.00,0.00,0.00,0.00,0.00,0.00,5
0,2,12,9,1032,0,0,0,0,0,0,0,0,0,0,0,0,0,0,0,0,0,511,511,0.00,0.00,0.00,0.00,1.00,0.00,0.00,255,255,1.00,0.00,1.00,0.00,0.00,0.00,0.00,0.00,5
0,0,47,5,0,0,0,0,0,0,0,0,0,0,0,0,0,0,0,0,0,0,159,11,1.00,1.00,0.00,0.00,0.07,0.08,0.00,255,11,0.04,0.07,0.00,0.00,1.00,1.00,0.00,0.00,4
0,2,12,9,1032,0,0,0,0,0,0,0,0,0,0,0,0,0,0,0,0,0,511,511,0.00,0.00,0.00,0.00,1.00,0.00,0.00,255,255,1.00,0.00,1.00,0.00,0.00,0.00,0.00,0.00,5
1825,1,42,9,147,105,0,0,0,0,0,0,0,0,0,0,0,0,0,0,0,0,1,1,0.00,0.00,0.00,0.00,1.00,0.00,0.00,255,1,0.00,0.51,0.83,0.00,0.00,0.00,0.00,0.00,0
0,0,47,5,0,0,0,0,0,0,0,0,0,0,0,0,0,0,0,0,0,0,242,4,1.00,1.00,0.00,0.00,0.02,0.07,0.00,255,17,0.07,0.07,0.00,0.00,1.00,1.00,0.00,0.00,4
0,0,47,1,0,0,0,0,0,0,0,0,0,0,0,0,0,0,0,0,0,0,147,18,0.00,0.00,1.00,1.00,0.12,0.06,0.00,255,18,0.07,0.06,0.00,0.00,0.00,0.00,1.00,1.00,4
0,2,12,9,520,0,0,0,0,0,0,0,0,0,0,0,0,0,0,0,0,0,511,511,0.00,0.00,0.00,0.00,1.00,0.00,0.00,255,255,1.00,0.00,1.00,0.00,0.00,0.00,0.00,0.00,5
0,0,47,5,0,0,0,0,0,0,0,0,0,0,0,0,0,0,0,0,0,0,105,9,1.00,1.00,0.00,0.00,0.09,0.06,0.00,255,9,0.04,0.05,0.00,0.00,1.00,1.00,0.00,0.00,4
0,2,12,9,1032,0,0,0,0,0,0,0,0,0,0,0,0,0,0,0,0,0,511,511,0.00,0.00,0.00,0.00,1.00,0.00,0.00,255,255,1.00,0.00,1.00,0.00,0.00,0.00,0.00,0.00,5
0,2,12,9,1032,0,0,0,0,0,0,0,0,0,0,0,0,0,0,0,0,0,511,511,0.00,0.00,0.00,0.00,1.00,0.00,0.00,255,255,1.00,0.00,1.00,0.00,0.00,0.00,0.00,0.00,5
0,2,12,9,1032,0,0,0,0,0,0,0,0,0,0,0,0,0,0,0,0,0,511,511,0.00,0.00,0.00,0.00,1.00,0.00,0.00,255,255,1.00,0.00,1.00,0.00,0.00,0.00,0.00,0.00,5
0,2,12,9,1032,0,0,0,0,0,0,0,0,0,0,0,0,0,0,0,0,0,511,511,0.00,0.00,0.00,0.00,1.00,0.00,0.00,255,255,1.00,0.00,1.00,0.00,0.00,0.00,0.00,0.00,5
0,2,12,9,1032,0,0,0,0,0,0,0,0,0,0,0,0,0,0,0,0,0,511,511,0.00,0.00,0.00,0.00,1.00,0.00,0.00,255,255,1.00,0.00,1.00,0.00,0.00,0.00,0.00,0.00,5
0,2,12,9,1032,0,0,0,0,0,0,0,0,0,0,0,0,0,0,0,0,0,511,511,0.00,0.00,0.00,0.00,1.00,0.00,0.00,255,255,1.00,0.00,1.00,0.00,0.00,0.00,0.00,0.00,5
0,2,12,9,1032,0,0,0,0,0,0,0,0,0,0,0,0,0,0,0,0,0,511,511,0.00,0.00,0.00,0.00,1.00,0.00,0.00,255,255,1.00,0.00,1.00,0.00,0.00,0.00,0.00,0.00,5
0,0,47,5,0,0,0,0,0,0,0,0,0,0,0,0,0,0,0,0,0,0,244,20,1.00,1.00,0.00,0.00,0.08,0.06,0.00,255,20,0.08,0.07,0.00,0.00,1.00,1.00,0.00,0.00,4
0,2,12,9,1032,0,0,0,0,0,0,0,0,0,0,0,0,0,0,0,0,0,511,511,0.00,0.00,0.00,0.00,1.00,0.00,0.00,255,255,1.00,0.00,1.00,0.00,0.00,0.00,0.00,0.00,5
0,2,12,9,1032,0,0,0,0,0,0,0,0,0,0,0,0,0,0,0,0,0,511,511,0.00,0.00,0.00,0.00,1.00,0.00,0.00,255,255,1.00,0.00,1.00,0.00,0.00,0.00,0.00,0.00,5
0,0,21,9,223,1471,0,0,0,0,0,1,0,0,0,0,0,0,0,0,0,0,7,14,0.00,0.00,0.00,0.00,1.00,0.00,0.14,227,255,1.00,0.00,0.00,0.01,0.00,0.00,0.00,0.00,0
0,0,47,5,0,0,0,0,0,0,0,0,0,0,0,0,0,0,0,0,0,0,225,18,1.00,1.00,0.00,0.00,0.08,0.06,0.00,255,16,0.06,0.05,0.00,0.00,1.00,1.00,0.00,0.00,4
0,0,47,5,0,0,0,0,0,0,0,0,0,0,0,0,0,0,0,0,0,0,127,4,0.99,1.00,0.00,0.00,0.03,0.08,0.00,255,4,0.02,0.07,0.00,0.00,1.00,1.00,0.00,0.00,4
0,0,47,5,0,0,0,0,0,0,0,0,0,0,0,0,0,0,0,0,0,0,279,17,1.00,1.00,0.00,0.00,0.06,0.06,0.00,255,17,0.07,0.07,0.00,0.00,1.00,1.00,0.00,0.00,4
0,0,52,9,6260,322,0,0,0,0,0,1,0,0,0,0,0,0,0,0,0,0,1,2,0.00,0.00,0.00,0.00,1.00,0.00,1.00,201,132,0.52,0.02,0.00,0.02,0.00,0.00,0.00,0.00,0
0,2,12,9,1032,0,0,0,0,0,0,0,0,0,0,0,0,0,0,0,0,0,510,510,0.00,0.00,0.00,0.00,1.00,0.00,0.00,255,255,1.00,0.00,1.00,0.00,0.00,0.00,0.00,0.00,5
0,2,12,9,520,0,0,0,0,0,0,0,0,0,0,0,0,0,0,0,0,0,494,494,0.00,0.00,0.00,0.00,1.00,0.00,0.00,255,255,1.00,0.00,1.00,0.00,0.00,0.00,0.00,0.00,5
0,2,12,9,1032,0,0,0,0,0,0,0,0,0,0,0,0,0,0,0,0,0,511,511,0.00,0.00,0.00,0.00,1.00,0.00,0.00,255,255,1.00,0.00,1.00,0.00,0.00,0.00,0.00,0.00,5
0,2,12,9,1032,0,0,0,0,0,0,0,0,0,0,0,0,0,0,0,0,0,510,510,0.00,0.00,0.00,0.00,1.00,0.00,0.00,255,255,1.00,0.00,1.00,0.00,0.00,0.00,0.00,0.00,5
0,0,21,9,298,1076,0,0,0,0,0,1,0,0,0,0,0,0,0,0,0,0,19,19,0.00,0.00,0.00,0.00,1.00,0.00,0.00,19,255,1.00,0.00,0.05,0.02,0.00,0.00,0.00,0.00,0
0,2,12,9,1032,0,0,0,0,0,0,0,0,0,0,0,0,0,0,0,0,0,511,511,0.00,0.00,0.00,0.00,1.00,0.00,0.00,255,255,1.00,0.00,1.00,0.00,0.00,0.00,0.00,0.00,5
0,0,47,5,0,0,0,0,0,0,0,0,0,0,0,0,0,0,0,0,0,0,280,22,1.00,1.00,0.00,0.00,0.08,0.05,0.00,255,22,0.09,0.05,0.00,0.00,1.00,1.00,0.00,0.00,4
0,2,12,9,1032,0,0,0,0,0,0,0,0,0,0,0,0,0,0,0,0,0,510,510,0.00,0.00,0.00,0.00,1.00,0.00,0.00,255,255,1.00,0.00,1.00,0.00,0.00,0.00,0.00,0.00,5
0,2,12,9,1032,0,0,0,0,0,0,0,0,0,0,0,0,0,0,0,0,0,511,511,0.00,0.00,0.00,0.00,1.00,0.00,0.00,255,255,1.00,0.00,1.00,0.00,0.00,0.00,0.00,0.00,5
0,0,47,5,0,0,0,0,0,0,0,0,0,0,0,0,0,0,0,0,0,0,216,8,1.00,1.00,0.00,0.00,0.04,0.06,0.00,255,8,0.03,0.06,0.00,0.00,1.00,1.00,0.00,0.00,4
0,2,12,9,520,0,0,0,0,0,0,0,0,0,0,0,0,0,0,0,0,0,505,505,0.00,0.00,0.00,0.00,1.00,0.00,0.00,255,255,1.00,0.00,1.00,0.00,0.00,0.00,0.00,0.00,5
0,0,47,5,0,0,0,0,0,0,0,0,0,0,0,0,0,0,0,0,0,0,113,2,1.00,1.00,0.00,0.00,0.02,0.06,0.00,255,13,0.05,0.07,0.00,0.00,1.00,1.00,0.00,0.00,4
0,0,21,9,189,2539,0,0,0,0,0,1,0,0,0,0,0,0,0,0,0,0,1,3,0.00,0.00,0.00,0.67,1.00,0.00,1.00,255,238,0.93,0.01,0.00,0.00,0.00,0.00,0.05,0.06,0
0,0,21,1,0,0,0,0,0,0,0,0,0,0,0,0,0,0,0,0,0,0,1,1,0.00,0.00,1.00,1.00,1.00,0.00,0.00,4,255,1.00,0.00,0.25,0.23,0.00,0.00,1.00,1.00,0
0,2,12,9,1032,0,0,0,0,0,0,0,0,0,0,0,0,0,0,0,0,0,510,510,0.00,0.00,0.00,0.00,1.00,0.00,0.00,255,255,1.00,0.00,1.00,0.00,0.00,0.00,0.00,0.00,5
0,2,12,9,1032,0,0,0,0,0,0,0,0,0,0,0,0,0,0,0,0,0,511,511,0.00,0.00,0.00,0.00,1.00,0.00,0.00,255,255,1.00,0.00,1.00,0.00,0.00,0.00,0.00,0.00,5
0,2,12,9,520,0,0,0,0,0,0,0,0,0,0,0,0,0,0,0,0,0,459,459,0.00,0.00,0.00,0.00,1.00,0.00,0.00,255,255,1.00,0.00,1.00,0.00,0.00,0.00,0.00,0.00,5
0,0,21,1,0,0,0,0,0,0,0,0,0,0,0,0,0,0,0,0,0,0,1,1,0.00,0.00,1.00,1.00,1.00,0.00,0.00,11,97,1.00,0.00,0.09,0.24,0.00,0.00,1.00,1.00,0
0,0,47,5,0,0,0,0,0,0,0,0,0,0,0,0,0,0,0,0,0,0,264,17,1.00,1.00,0.00,0.00,0.06,0.06,0.00,255,17,0.07,0.06,0.00,0.00,1.00,1.00,0.00,0.00,4
0,2,12,9,1032,0,0,0,0,0,0,0,0,0,0,0,0,0,0,0,0,0,508,508,0.00,0.00,0.00,0.00,1.00,0.00,0.00,255,255,1.00,0.00,1.00,0.00,0.00,0.00,0.00,0.00,5
0,1,47,9,105,146,0,0,0,0,0,0,0,0,0,0,0,0,0,0,0,0,3,1,0.00,0.00,0.00,0.00,0.33,0.67,0.00,255,236,0.93,0.01,0.01,0.00,0.00,0.00,0.00,0.00,0
0,0,21,9,219,2841,0,0,0,0,0,1,0,0,0,0,0,0,0,0,0,0,4,4,0.00,0.00,0.00,0.00,1.00,0.00,0.00,15,255,1.00,0.00,0.07,0.03,0.00,0.00,0.00,0.00,0
0,2,12,9,1032,0,0,0,0,0,0,0,0,0,0,0,0,0,0,0,0,0,511,511,0.00,0.00,0.00,0.00,1.00,0.00,0.00,255,255,1.00,0.00,1.00,0.00,0.00,0.00,0.00,0.00,5
0,2,12,9,520,0,0,0,0,0,0,0,0,0,0,0,0,0,0,0,0,0,511,511,0.00,0.00,0.00,0.00,1.00,0.00,0.00,255,255,1.00,0.00,1.00,0.00,0.00,0.00,0.00,0.00,5
0,2,12,9,1032,0,0,0,0,0,0,0,0,0,0,0,0,0,0,0,0,0,510,510,0.00,0.00,0.00,0.00,1.00,0.00,0.00,255,255,1.00,0.00,1.00,0.00,0.00,0.00,0.00,0.00,5
0,2,12,9,520,0,0,0,0,0,0,0,0,0,0,0,0,0,0,0,0,0,511,511,0.00,0.00,0.00,0.00,1.00,0.00,0.00,255,255,1.00,0.00,1.00,0.00,0.00,0.00,0.00,0.00,5
0,2,12,9,1032,0,0,0,0,0,0,0,0,0,0,0,0,0,0,0,0,0,511,511,0.00,0.00,0.00,0.00,1.00,0.00,0.00,255,255,1.00,0.00,1.00,0.00,0.00,0.00,0.00,0.00,5
27,0,16,9,689,2077,0,0,0,14,0,1,0,0,0,0,0,0,0,0,0,1,1,1,0.00,0.00,0.00,0.00,1.00,0.00,0.00,20,11,0.55,0.15,0.05,0.00,0.00,0.00,0.00,0.00,0
0,2,12,9,1032,0,0,0,0,0,0,0,0,0,0,0,0,0,0,0,0,0,511,511,0.00,0.00,0.00,0.00,1.00,0.00,0.00,255,255,1.00,0.00,1.00,0.00,0.00,0.00,0.00,0.00,5
0,0,47,5,0,0,0,0,0,0,0,0,0,0,0,0,0,0,0,0,0,0,119,7,1.00,1.00,0.00,0.00,0.06,0.07,0.00,255,7,0.03,0.06,0.00,0.00,1.00,1.00,0.00,0.00,4
0,0,47,5,0,0,0,0,0,0,0,0,0,0,0,0,0,0,0,0,0,0,131,16,1.00,1.00,0.00,0.00,0.12,0.07,0.00,255,16,0.06,0.07,0.00,0.00,1.00,1.00,0.00,0.00,4
0,0,47,5,0,0,0,0,0,0,0,0,0,0,0,0,0,0,0,0,0,0,134,7,1.00,1.00,0.00,0.00,0.05,0.06,0.00,255,7,0.03,0.06,0.00,0.00,1.00,1.00,0.00,0.00,4
0,0,47,5,0,0,0,0,0,0,0,0,0,0,0,0,0,0,0,0,0,0,204,1,1.00,1.00,0.00,0.00,0.00,0.06,0.00,255,1,0.00,0.06,0.00,0.00,1.00,1.00,0.00,0.00,4
0,0,21,9,204,7829,0,0,0,0,0,1,0,0,0,0,0,0,0,0,0,0,4,6,0.00,0.00,0.00,0.00,1.00,0.00,0.33,71,255,1.00,0.00,0.01,0.04,0.00,0.00,0.00,0.00,0
0,0,47,5,0,0,0,0,0,0,0,0,0,0,0,0,0,0,0,0,0,0,103,2,0.99,1.00,0.00,0.00,0.02,0.08,0.00,255,2,0.01,0.07,0.00,0.00,1.00,1.00,0.00,0.00,4
0,2,12,9,1032,0,0,0,0,0,0,0,0,0,0,0,0,0,0,0,0,0,511,511,0.00,0.00,0.00,0.00,1.00,0.00,0.00,255,255,1.00,0.00,1.00,0.00,0.00,0.00,0.00,0.00,5
0,2,12,9,1032,0,0,0,0,0,0,0,0,0,0,0,0,0,0,0,0,0,510,510,0.00,0.00,0.00,0.00,1.00,0.00,0.00,255,255,1.00,0.00,1.00,0.00,0.00,0.00,0.00,0.00,5
0,0,21,9,337,2576,0,0,0,0,0,1,0,0,0,0,0,0,0,0,0,0,7,7,0.00,0.00,0.00,0.00,1.00,0.00,0.00,13,255,1.00,0.00,0.08,0.05,0.00,0.00,0.00,0.00,0
0,2,12,9,1032,0,0,0,0,0,0,0,0,0,0,0,0,0,0,0,0,0,511,511,0.00,0.00,0.00,0.00,1.00,0.00,0.00,255,255,1.00,0.00,1.00,0.00,0.00,0.00,0.00,0.00,5
0,0,21,9,251,1242,0,0,0,0,0,1,0,0,0,0,0,0,0,0,0,0,19,45,0.00,0.00,0.00,0.00,1.00,0.00,0.07,20,255,1.00,0.00,0.05,0.05,0.00,0.00,0.00,0.00,0
0,0,47,5,0,0,0,0,0,0,0,0,0,0,0,0,0,0,0,0,0,0,136,4,1.00,1.00,0.00,0.00,0.03,0.06,0.00,255,8,0.03,0.07,0.00,0.00,1.00,1.00,0.00,0.00,4
0,0,47,5,0,0,0,0,0,0,0,0,0,0,0,0,0,0,0,0,0,0,200,11,1.00,1.00,0.00,0.00,0.05,0.06,0.00,255,19,0.07,0.07,0.00,0.00,1.00,1.00,0.00,0.00,4
0,0,21,9,306,2543,0,0,0,0,0,1,0,0,0,0,0,0,0,0,0,0,6,6,0.00,0.00,0.00,0.00,1.00,0.00,0.00,255,255,1.00,0.00,0.00,0.00,0.00,0.00,0.00,0.00,0
0,0,47,5,0,0,0,0,0,0,0,0,0,0,0,0,0,0,0,0,0,0,216,9,1.00,1.00,0.00,0.00,0.04,0.06,0.00,255,9,0.04,0.07,0.00,0.00,1.00,1.00,0.00,0.00,4
0,2,12,9,1032,0,0,0,0,0,0,0,0,0,0,0,0,0,0,0,0,0,510,510,0.00,0.00,0.00,0.00,1.00,0.00,0.00,255,255,1.00,0.00,1.00,0.00,0.00,0.00,0.00,0.00,5
0,2,12,9,1032,0,0,0,0,0,0,0,0,0,0,0,0,0,0,0,0,0,511,511,0.00,0.00,0.00,0.00,1.00,0.00,0.00,255,255,1.00,0.00,1.00,0.00,0.00,0.00,0.00,0.00,5
2630,1,42,9,146,105,0,0,0,0,0,0,0,0,0,0,0,0,0,0,0,0,1,1,0.00,0.00,0.00,0.00,1.00,0.00,0.00,255,1,0.00,0.86,1.00,0.00,0.00,0.00,0.00,0.00,0
0,2,12,9,1032,0,0,0,0,0,0,0,0,0,0,0,0,0,0,0,0,0,510,510,0.00,0.00,0.00,0.00,1.00,0.00,0.00,255,255,1.00,0.00,1.00,0.00,0.00,0.00,0.00,0.00,5
0,0,47,5,0,0,0,0,0,0,0,0,0,0,0,0,0,0,0,0,0,0,287,16,1.00,1.00,0.00,0.00,0.06,0.05,0.00,255,16,0.06,0.05,0.00,0.00,1.00,1.00,0.00,0.00,4
0,2,12,9,1032,0,0,0,0,0,0,0,0,0,0,0,0,0,0,0,0,0,511,511,0.00,0.00,0.00,0.00,1.00,0.00,0.00,255,255,1.00,0.00,1.00,0.00,0.00,0.00,0.00,0.00,5
0,0,21,9,284,10592,0,0,0,0,0,1,0,0,0,0,0,0,0,0,0,0,5,5,0.00,0.00,0.00,0.00,1.00,0.00,0.00,37,255,1.00,0.00,0.03,0.07,0.00,0.00,0.00,0.00,0
0,2,12,9,1032,0,0,0,0,0,0,0,0,0,0,0,0,0,0,0,0,0,510,510,0.00,0.00,0.00,0.00,1.00,0.00,0.00,255,255,1.00,0.00,1.00,0.00,0.00,0.00,0.00,0.00,5
0,2,12,9,1032,0,0,0,0,0,0,0,0,0,0,0,0,0,0,0,0,0,510,510,0.00,0.00,0.00,0.00,1.00,0.00,0.00,255,255,1.00,0.00,1.00,0.00,0.00,0.00,0.00,0.00,5
0,0,47,5,0,0,0,0,0,0,0,0,0,0,0,0,0,0,0,0,0,0,107,7,1.00,1.00,0.00,0.00,0.07,0.06,0.00,255,35,0.14,0.06,0.00,0.00,1.00,1.00,0.00,0.00,4
0,0,47,1,0,0,0,0,0,0,0,0,0,0,0,0,0,0,0,0,0,0,120,16,0.00,0.00,1.00,1.00,0.13,0.06,0.00,255,16,0.06,0.06,0.00,0.00,0.00,0.00,1.00,1.00,4
0,2,12,9,1032,0,0,0,0,0,0,0,0,0,0,0,0,0,0,0,0,0,511,511,0.00,0.00,0.00,0.00,1.00,0.00,0.00,255,255,1.00,0.00,1.00,0.00,0.00,0.00,0.00,0.00,5
0,0,21,9,299,407,0,0,0,0,0,1,0,0,0,0,0,0,0,0,0,0,2,8,0.00,0.00,0.00,0.00,1.00,0.00,0.25,5,24,1.00,0.00,0.20,0.08,0.00,0.00,0.00,0.00,0
0,2,12,9,1032,0,0,0,0,0,0,0,0,0,0,0,0,0,0,0,0,0,511,511,0.00,0.00,0.00,0.00,1.00,0.00,0.00,255,255,1.00,0.00,1.00,0.00,0.00,0.00,0.00,0.00,5
0,0,47,5,0,0,0,0,0,0,0,0,0,0,0,0,0,0,0,0,0,0,148,20,1.00,1.00,0.00,0.00,0.14,0.05,0.00,255,20,0.08,0.07,0.00,0.00,1.00,1.00,0.00,0.00,4
0,0,47,5,0,0,0,0,0,0,0,0,0,0,0,0,0,0,0,0,0,0,140,10,1.00,1.00,0.00,0.00,0.07,0.06,0.00,255,10,0.04,0.06,0.00,0.00,1.00,1.00,0.00,0.00,4
0,0,21,9,211,4624,0,0,0,0,0,1,0,0,0,0,0,0,0,0,0,0,40,40,0.00,0.00,0.00,0.00,1.00,0.00,0.00,255,255,1.00,0.00,0.00,0.00,0.00,0.00,0.00,0.00,0
0,2,12,9,1032,0,0,0,0,0,0,0,0,0,0,0,0,0,0,0,0,0,511,511,0.00,0.00,0.00,0.00,1.00,0.00,0.00,255,255,1.00,0.00,1.00,0.00,0.00,0.00,0.00,0.00,5
0,2,12,9,1032,0,0,0,0,0,0,0,0,0,0,0,0,0,0,0,0,0,511,511,0.00,0.00,0.00,0.00,1.00,0.00,0.00,255,255,1.00,0.00,1.00,0.00,0.00,0.00,0.00,0.00,5
0,2,12,9,520,0,0,0,0,0,0,0,0,0,0,0,0,0,0,0,0,0,453,453,0.00,0.00,0.00,0.00,1.00,0.00,0.00,255,255,1.00,0.00,1.00,0.00,0.00,0.00,0.00,0.00,5
0,2,12,9,1032,0,0,0,0,0,0,0,0,0,0,0,0,0,0,0,0,0,511,511,0.00,0.00,0.00,0.00,1.00,0.00,0.00,255,255,1.00,0.00,1.00,0.00,0.00,0.00,0.00,0.00,5
2208,1,42,9,147,105,0,0,0,0,0,0,0,0,0,0,0,0,0,0,0,0,1,1,0.00,0.00,0.00,0.00,1.00,0.00,0.00,255,1,0.00,0.72,0.97,0.00,0.00,0.00,0.00,0.00,0
0,2,12,9,1032,0,0,0,0,0,0,0,0,0,0,0,0,0,0,0,0,0,511,511,0.00,0.00,0.00,0.00,1.00,0.00,0.00,255,255,1.00,0.00,1.00,0.00,0.00,0.00,0.00,0.00,5
0,2,12,9,1032,0,0,0,0,0,0,0,0,0,0,0,0,0,0,0,0,0,511,511,0.00,0.00,0.00,0.00,1.00,0.00,0.00,255,255,1.00,0.00,1.00,0.00,0.00,0.00,0.00,0.00,5
0,2,12,9,520,0,0,0,0,0,0,0,0,0,0,0,0,0,0,0,0,0,511,511,0.00,0.00,0.00,0.00,1.00,0.00,0.00,255,255,1.00,0.00,1.00,0.00,0.00,0.00,0.00,0.00,5
0,2,12,9,1032,0,0,0,0,0,0,0,0,0,0,0,0,0,0,0,0,0,511,511,0.00,0.00,0.00,0.00,1.00,0.00,0.00,255,255,1.00,0.00,1.00,0.00,0.00,0.00,0.00,0.00,5
0,2,12,9,1032,0,0,0,0,0,0,0,0,0,0,0,0,0,0,0,0,0,511,511,0.00,0.00,0.00,0.00,1.00,0.00,0.00,255,255,1.00,0.00,1.00,0.00,0.00,0.00,0.00,0.00,5
0,2,12,9,1032,0,0,0,0,0,0,0,0,0,0,0,0,0,0,0,0,0,511,511,0.00,0.00,0.00,0.00,1.00,0.00,0.00,255,255,1.00,0.00,1.00,0.00,0.00,0.00,0.00,0.00,5
0,2,12,9,1032,0,0,0,0,0,0,0,0,0,0,0,0,0,0,0,0,0,511,511,0.00,0.00,0.00,0.00,1.00,0.00,0.00,255,255,1.00,0.00,1.00,0.00,0.00,0.00,0.00,0.00,5
0,2,12,9,1032,0,0,0,0,0,0,0,0,0,0,0,0,0,0,0,0,0,511,511,0.00,0.00,0.00,0.00,1.00,0.00,0.00,255,255,1.00,0.00,1.00,0.00,0.00,0.00,0.00,0.00,5
0,0,21,9,245,22925,0,0,0,0,0,1,0,0,0,0,0,0,0,0,0,0,7,11,0.00,0.00,0.00,0.00,1.00,0.00,0.18,31,255,1.00,0.00,0.03,0.03,0.00,0.00,0.00,0.00,0
0,2,12,9,1032,0,0,0,0,0,0,0,0,0,0,0,0,0,0,0,0,0,511,511,0.00,0.00,0.00,0.00,1.00,0.00,0.00,255,255,1.00,0.00,1.00,0.00,0.00,0.00,0.00,0.00,5
0,2,12,9,1032,0,0,0,0,0,0,0,0,0,0,0,0,0,0,0,0,0,511,511,0.00,0.00,0.00,0.00,1.00,0.00,0.00,255,255,1.00,0.00,1.00,0.00,0.00,0.00,0.00,0.00,5
0,2,12,9,1032,0,0,0,0,0,0,0,0,0,0,0,0,0,0,0,0,0,511,511,0.00,0.00,0.00,0.00,1.00,0.00,0.00,255,255,1.00,0.00,1.00,0.00,0.00,0.00,0.00,0.00,5
0,2,12,9,520,0,0,0,0,0,0,0,0,0,0,0,0,0,0,0,0,0,436,436,0.00,0.00,0.00,0.00,1.00,0.00,0.00,255,255,1.00,0.00,1.00,0.00,0.00,0.00,0.00,0.00,5
0,0,21,9,205,187,0,0,0,0,0,1,0,0,0,0,0,0,0,0,0,0,13,15,0.00,0.00,0.00,0.00,1.00,0.00,0.13,255,255,1.00,0.00,0.00,0.00,0.00,0.00,0.00,0.00,0
0,2,12,9,1032,0,0,0,0,0,0,0,0,0,0,0,0,0,0,0,0,0,511,511,0.00,0.00,0.00,0.00,1.00,0.00,0.00,255,255,1.00,0.00,1.00,0.00,0.00,0.00,0.00,0.00,5
0,0,47,5,0,0,0,0,0,0,0,0,0,0,0,0,0,0,0,0,0,0,107,6,1.00,1.00,0.00,0.00,0.06,0.07,0.00,255,13,0.05,0.07,0.00,0.00,1.00,1.00,0.00,0.00,4
0,2,12,9,1032,0,0,0,0,0,0,0,0,0,0,0,0,0,0,0,0,0,511,511,0.00,0.00,0.00,0.00,1.00,0.00,0.00,255,255,1.00,0.00,1.00,0.00,0.00,0.00,0.00,0.00,5
0,2,12,9,520,0,0,0,0,0,0,0,0,0,0,0,0,0,0,0,0,0,511,511,0.00,0.00,0.00,0.00,1.00,0.00,0.00,255,255,1.00,0.00,1.00,0.00,0.00,0.00,0.00,0.00,5
0,0,47,5,0,0,0,0,0,0,0,0,0,0,0,0,0,0,0,0,0,0,274,11,1.00,1.00,0.00,0.00,0.04,0.06,0.00,255,11,0.04,0.08,0.00,0.00,1.00,1.00,0.00,0.00,4
0,0,47,1,0,0,0,0,0,0,0,0,0,0,0,0,0,0,0,0,0,0,287,14,0.00,0.00,1.00,1.00,0.05,0.06,0.00,255,14,0.05,0.07,0.00,0.00,0.00,0.00,1.00,1.00,4
0,2,12,9,1032,0,0,0,0,0,0,0,0,0,0,0,0,0,0,0,0,0,511,511,0.00,0.00,0.00,0.00,1.00,0.00,0.00,255,255,1.00,0.00,1.00,0.00,0.00,0.00,0.00,0.00,5
0,2,12,9,1032,0,0,0,0,0,0,0,0,0,0,0,0,0,0,0,0,0,511,511,0.00,0.00,0.00,0.00,1.00,0.00,0.00,255,255,1.00,0.00,1.00,0.00,0.00,0.00,0.00,0.00,5
0,2,12,9,1032,0,0,0,0,0,0,0,0,0,0,0,0,0,0,0,0,0,508,508,0.00,0.00,0.00,0.00,1.00,0.00,0.00,255,255,1.00,0.00,1.00,0.00,0.00,0.00,0.00,0.00,5
0,2,12,9,520,0,0,0,0,0,0,0,0,0,0,0,0,0,0,0,0,0,511,511,0.00,0.00,0.00,0.00,1.00,0.00,0.00,255,255,1.00,0.00,1.00,0.00,0.00,0.00,0.00,0.00,5
0,2,12,9,1032,0,0,0,0,0,0,0,0,0,0,0,0,0,0,0,0,0,511,511,0.00,0.00,0.00,0.00,1.00,0.00,0.00,255,255,1.00,0.00,1.00,0.00,0.00,0.00,0.00,0.00,5
0,2,12,9,520,0,0,0,0,0,0,0,0,0,0,0,0,0,0,0,0,0,511,511,0.00,0.00,0.00,0.00,1.00,0.00,0.00,255,255,1.00,0.00,1.00,0.00,0.00,0.00,0.00,0.00,5
0,0,21,9,292,2361,0,0,0,0,0,1,0,0,0,0,0,0,0,0,0,0,9,9,0.00,0.00,0.00,0.00,1.00,0.00,0.00,47,255,1.00,0.00,0.02,0.05,0.00,0.00,0.00,0.00,0
0,2,12,9,1032,0,0,0,0,0,0,0,0,0,0,0,0,0,0,0,0,0,511,511,0.00,0.00,0.00,0.00,1.00,0.00,0.00,255,255,1.00,0.00,1.00,0.00,0.00,0.00,0.00,0.00,5
0,2,12,9,1032,0,0,0,0,0,0,0,0,0,0,0,0,0,0,0,0,0,511,511,0.00,0.00,0.00,0.00,1.00,0.00,0.00,255,255,1.00,0.00,1.00,0.00,0.00,0.00,0.00,0.00,5
0,1,47,9,105,145,0,0,0,0,0,0,0,0,0,0,0,0,0,0,0,0,1,1,0.00,0.00,0.00,0.00,1.00,0.00,0.00,255,234,0.92,0.01,0.00,0.00,0.00,0.00,0.00,0.00,0
0,0,21,9,300,2171,0,0,0,0,0,1,0,0,0,0,0,0,0,0,0,0,1,1,0.00,0.00,0.00,0.00,1.00,0.00,0.00,138,255,1.00,0.00,0.01,0.06,0.00,0.00,0.00,0.00,0
0,2,12,9,1032,0,0,0,0,0,0,0,0,0,0,0,0,0,0,0,0,0,510,510,0.00,0.00,0.00,0.00,1.00,0.00,0.00,255,255,1.00,0.00,1.00,0.00,0.00,0.00,0.00,0.00,5
0,2,12,9,1032,0,0,0,0,0,0,0,0,0,0,0,0,0,0,0,0,0,510,510,0.00,0.00,0.00,0.00,1.00,0.00,0.00,255,255,1.00,0.00,1.00,0.00,0.00,0.00,0.00,0.00,5
0,2,12,9,1032,0,0,0,0,0,0,0,0,0,0,0,0,0,0,0,0,0,511,511,0.00,0.00,0.00,0.00,1.00,0.00,0.00,255,255,1.00,0.00,1.00,0.00,0.00,0.00,0.00,0.00,5
0,0,21,9,304,285,0,0,0,0,0,1,0,0,0,0,0,0,0,0,0,0,17,17,0.00,0.00,0.00,0.00,1.00,0.00,0.00,255,255,1.00,0.00,0.00,0.00,0.00,0.00,0.00,0.00,0
0,0,47,5,0,0,0,0,0,0,0,0,0,0,0,0,0,0,0,0,0,0,266,10,1.00,1.00,0.00,0.00,0.04,0.05,0.00,255,10,0.04,0.05,0.00,0.00,1.00,1.00,0.00,0.00,4
0,2,12,9,1032,0,0,0,0,0,0,0,0,0,0,0,0,0,0,0,0,0,511,511,0.00,0.00,0.00,0.00,1.00,0.00,0.00,255,255,1.00,0.00,1.00,0.00,0.00,0.00,0.00,0.00,5
1,0,52,9,2338,332,0,0,0,0,0,1,0,0,0,0,0,0,0,0,0,0,1,2,0.00,0.00,0.00,0.00,1.00,0.00,1.00,73,59,0.79,0.05,0.01,0.03,0.00,0.00,0.00,0.02,0
0,2,12,9,1032,0,0,0,0,0,0,0,0,0,0,0,0,0,0,0,0,0,511,511,0.00,0.00,0.00,0.00,1.00,0.00,0.00,255,255,1.00,0.00,1.00,0.00,0.00,0.00,0.00,0.00,5
0,0,21,1,0,0,0,0,0,0,0,0,0,0,0,0,0,0,0,0,0,0,1,1,0.00,0.00,1.00,1.00,1.00,0.00,0.00,5,255,1.00,0.00,0.20,0.24,0.00,0.00,1.00,1.00,0
0,0,47,5,0,0,0,0,0,0,0,0,0,0,0,0,0,0,0,0,0,0,254,21,1.00,1.00,0.00,0.00,0.08,0.05,0.00,255,21,0.08,0.05,0.00,0.00,1.00,1.00,0.00,0.00,4
0,2,12,9,1032,0,0,0,0,0,0,0,0,0,0,0,0,0,0,0,0,0,511,511,0.00,0.00,0.00,0.00,1.00,0.00,0.00,255,255,1.00,0.00,1.00,0.00,0.00,0.00,0.00,0.00,5
0,0,17,9,383,0,0,0,0,0,0,1,0,0,0,0,0,0,0,0,0,0,2,2,0.00,0.00,0.00,0.00,1.00,0.00,0.00,28,85,0.11,0.14,0.11,0.02,0.00,0.00,0.00,0.00,0
